generation,app_entropy,app_perplexity,app_avg_seq_perplexity,app_reference_entropy,app_reference_perplexity,app_js_divergence,app_vocab_size,app_token_count,app_rare_token_pct,wall_clock_s,gt_perplexity,gt_corpus_vocab,gt_corpus_entropy
0,6.938602784195093,122.66694970675891,3.3252868175506594,7.601440315773582,194.2055089914714,0.506983105042814,281,1280,9.765625,47.05,8.66604321405842,299,7.08039405713539
1,6.361264168961191,82.21126393489894,1.9841145634651185,7.601440315773582,194.2055089914714,0.589022845515865,208,1253,6.464485235434957,41.93,9.956126821869516,4088,7.95210428048125
2,6.41604661913413,85.39304219884667,1.746921330690384,7.601440315773582,194.2055089914714,0.6236744998424055,201,1280,6.171875,42.95,12.477846597313194,2874,7.655691410549405
3,6.137199898663264,70.38518539512914,1.4468610882759094,7.601440315773582,194.2055089914714,0.6094577050804887,186,1280,6.328125,43.62,16.585458367003344,2254,7.452853761567495
4,5.576337667700778,47.71389867167548,1.2548829674720765,7.601440315773582,194.2055089914714,0.6612777435831064,148,1280,3.5937499999999996,43.62,22.293068494298957,1936,7.238500660235064
5,5.946909359814098,61.68763192545984,1.2034683227539062,7.601440315773582,194.2055089914714,0.6386575091598502,136,1280,2.890625,45.37,30.66998676932061,1729,7.008871510047885
